Date,r_us,y_us,pi_us,ltr_us,r_ea,y_ea,pi_ea,ltr_ea,z_ea_us,r_jp,y_jp,pi_jp,ltr_jp,z_jp_us
3/31/1970,8.573333333,-0.601411617,6.555244954,7.366666667,6.280803279,-7.104476252,5.854252196,6.914915007,-1.72246249,6.25,12.83120478,5.793837242,7.144,1.207809079
6/30/1970,7.886666667,0.574732895,5.717971721,7.713333333,6.452068618,10.08952986,4.040255765,7.260003911,-4.022021395,6.25,4.939528808,2.738788961,7.149,-2.818047595
9/30/1970,6.706666667,3.728208841,4.206266537,7.46,6.306974229,6.980732396,5.944852746,7.257984301,1.059507743,6.25,11.16214656,3.816455903,7.128,-0.374076
12/31/1970,5.566666667,-4.231888146,5.934685671,6.853333333,5.891655782,3.035051395,5.748888506,7.219270158,-0.678106631,6.073333333,-1.281825432,10.82626686,7.039,4.617544442
3/31/1971,3.856666667,11.31980988,3.409755105,6.016666667,5.878821663,-2.3340949,6.715509546,6.685860093,2.909356627,5.8,3.693982926,6.931700543,6.426,3.405815471
6/30/1971,4.566666667,2.19283598,3.723683482,6.246666667,5.30488044,5.51126019,5.999743431,6.784972044,-0.456127362,5.603333333,6.610320554,3.94539028,6.127,0.213747518
9/30/1971,5.476666667,3.314555474,4.029725454,6.483333333,5.30488044,6.323783698,5.356642685,6.849303551,-5.895803224,5.323333333,4.963572297,7.894362427,5.763,-6.302548379
12/31/1971,4.75,0.960307399,2.981162485,5.89,4.889226684,1.513304862,6.24007079,6.671320217,-4.65993718,5.226666667,3.694302641,4.37515563,5.631,-19.10591435
3/31/1972,3.546666667,7.552343155,3.291906844,6.033333333,4.301774787,2.722168178,5.457303133,6.414085901,-13.95514897,4.75,13.68288351,2.485183785,5.298,-27.65206075
6/30/1972,4.3,9.373785002,2.605726735,6.143333333,4.156928426,3.685678471,4.334156433,6.195632738,-2.239754999,4.713333333,7.743168422,5.466847712,4.919,-0.728685096
9/30/1972,4.743333333,3.83136423,3.243857579,6.29,4.156928426,7.332214293,8.534776157,4.264482654,3.836244814,4.25,8.815396854,7.13250574,4.937,0.007967679
12/31/1972,5.146666667,6.884838711,4.198061105,6.373333333,4.800123934,5.05525886,8.447418172,4.445631244,6.646161004,4.25,10.44884554,4.507180476,5.01,0.349971352
3/31/1973,6.536666667,10.24947802,6.444387388,6.603333333,5.012843208,5.721541118,8.238066831,4.731331288,-14.65789952,4.25,14.06500485,12.29328997,5.782,-18.75597639
6/30/1973,7.816666667,4.429311811,8.631724016,6.806666667,5.863720305,6.438468452,11.93140102,7.007268123,-15.65816362,5.18,3.708387687,17.72665422,5.995,-15.63953443
9/30/1973,10.56,-2.073677252,8.127318746,7.206666667,6.596986782,6.132920337,8.767430915,7.345513521,-23.32155025,6.376666667,1.171839429,16.68845883,6.569,7.950232274
12/31/1973,9.996666667,3.835731149,10.50954617,6.753333333,6.596986782,4.651701057,11.35187563,7.421481434,20.38737104,7.19,5.035322871,17.06959564,7.38,22.33702931
3/31/1974,9.323333333,-3.39017382,12.44307441,7.053333333,7.8435256,4.212326341,14.36340752,7.95823785,43.19112734,9,-13.05165541,43.66370429,7.377,60.46949088
6/30/1974,11.25,0.974478402,11.14978456,7.543333333,7.8435256,1.769666568,16.09285097,8.882416988,-9.568052034,9,2.912493889,14.9856728,7.396,-11.20801952
9/30/1974,12.09,-3.742121831,11.7400976,7.963333333,7.984967423,1.495898747,15.21395282,9.605545663,9.940085187,9,5.21773331,20.33720453,7.893,37.55917762
12/31/1974,9.346666667,-1.550205502,12.86048975,7.67,7.40113727,-6.467848695,15.45066108,9.6889837,-4.322320781,9,-2.1518108,16.84395028,8.129,6.943281615
3/31/1975,6.303333333,-4.767706665,8.827233554,7.54,7.178409209,-3.819630969,12.76811909,9.042960073,-17.19953906,9,0.52443827,8.764282422,8.152333333,-8.724361917
6/30/1975,5.42,2.877514319,4.907074146,8.05,6.630878003,-0.936845064,10.0875586,8.746966031,0.225206715,8.456666667,9.180712918,7.430173456,8.175,1.163062536
9/30/1975,6.16,7.031965231,8.264494922,8.296666667,5.991653397,3.475241878,8.840707133,8.295200219,32.85317483,7.73,4.630865976,8.54347795,8.221666667,8.103945913
12/31/1975,5.413333333,5.484245423,7.577265962,8.063333333,5.916631524,7.319807146,8.869214681,8.371927052,8.858315219,6.746666667,4.272846064,9.887290815,8.287,10.03161356
3/31/1976,4.826666667,9.311858248,4.663232951,7.753333333,7.434866357,4.670251214,10.95198036,6.085430559,25.10007464,6.5,3.432619731,10.29085948,8.365666667,3.788989551
6/30/1976,5.196666667,2.967499476,3.626107333,7.773333333,7.434866357,6.379916197,17.29688025,6.390126783,39.53269979,6.5,2.384227318,9.053800929,8.393333333,0.866761006
9/30/1976,5.283333333,2.203215968,6.537394635,7.73,8.335475396,4.399115928,8.660805635,6.481672715,2.274710667,6.5,5.743772658,9.257268453,8.398,-8.155878693
12/31/1976,4.873333333,2.929469241,5.945475779,7.19,8.335475396,6.106096449,15.78614252,6.746582352,6.375435915,6.5,0.4765053,9.105399659,8.373333333,6.576313865
3/31/1977,4.66,4.821920074,7.543935062,7.353333333,8.335475396,2.835399745,15.22536293,9.13548241,9.241888136,6.4,9.040282106,10.12186004,8.388666667,-8.308040944
6/30/1977,5.156666667,7.999433411,7.166923775,7.37,7.733706251,0.732748181,11.81473748,9.163766884,2.297800264,5.19,2.845008764,7.481748625,7.697,-13.45349146
9/30/1977,5.82,7.410746092,5.649943001,7.356666667,7.282379392,-0.270271946,15.7389995,9.017497268,16.23848989,4.773333333,2.754755026,4.866833511,7.023,-13.1964766
12/31/1977,6.513333333,0.02362042,6.026806743,7.596666667,7.178415124,4.922275432,10.5563095,8.883851625,-2.996106735,4.25,5.537227645,3.498870034,6.747,-27.5372166
3/31/1978,6.756666667,1.281426475,7.065255145,8.01,7.074681837,4.258192898,7.402874776,8.724772119,-13.23705872,4.12,7.773590949,3.092507034,6.512666667,-17.57727453
6/30/1978,7.283333333,16.36109065,9.410691683,8.32,7.074681837,4.013553074,10.9483501,8.54387724,-1.681758678,3.5,3.945059107,4.784541693,6.259333333,-28.61482866
9/30/1978,8.1,4.096136559,9.637038983,8.49,6.772901416,3.557322778,11.46132537,8.391814595,-12.90768849,3.5,5.274352764,5.889818311,6.409666667,-43.81677796
12/31/1978,9.583333333,5.49544527,9.626849504,8.82,6.772901416,5.175237374,9.266896819,8.403723663,-14.59857842,3.5,5.898398512,1.106600881,6.361666667,-12.19241294
3/31/1979,10.07333333,0.710437348,10.46108036,9.106666667,6.785335594,3.376943998,10.46208879,8.367842851,-2.033708357,3.5,6.117871769,0.482202501,6.694666667,13.81702996
6/30/1979,10.18,0.420620943,13.33615355,9.113333333,7.187374044,6.87629463,11.98483589,8.819740161,3.479158843,4.12,7.511382758,6.065014993,7.822666667,27.41395154
9/30/1979,10.94666667,3.014275468,13.52123426,9.103333333,7.601846673,3.565020408,14.11051843,9.471670713,-12.06596106,5.006666667,3.085732084,6.729468391,7.936,-3.81569604
12/31/1979,13.57666667,0.989900893,13.27815601,10.44666667,9.390434061,4.300860372,14.78578237,9.870733138,-4.115450315,5.9,1.749964068,6.613869792,8.415,33.00059667
3/31/1980,15.04666667,1.274079172,16.74144774,11.98666667,9.802437463,2.442734896,17.89950863,10.9641243,3.340003274,6.976666667,4.55658694,9.533932788,8.750666667,1.806839988
6/30/1980,12.68666667,-7.986970876,14.19498429,10.47666667,10.28818349,-1.023374425,13.12578716,11.24637149,-10.25371971,9,-1.805193619,9.716244313,8.887,-19.93737985
9/30/1980,9.836666667,-0.488643653,7.721135919,10.95333333,10.7505619,-0.550263992,14.5308222,11.28095975,11.86820498,8.653333333,8.703812146,6.610660276,8.387,-20.79776248
12/31/1980,15.85333333,7.6750188,11.69386139,12.42333333,10.7505619,0.841427512,14.32174672,11.89866165,-22.09562423,7.633333333,8.142707906,4.665728164,8.552,-21.35974053
3/31/1981,16.57,8.085939633,11.53102414,12.96,11.51298711,1.540057456,13.94646705,12.39410927,-29.41142811,7.1,3.468939916,5.356578957,8.276333333,-14.31860099
6/30/1981,17.78,-2.948382111,8.604106963,13.75,11.51298711,0.480160062,14.58504941,13.79336428,-29.64007697,6.25,3.758569414,3.32717534,8.016333333,24.80158132
9/30/1981,17.57666667,4.884674259,11.61406603,14.84666667,11.51298711,1.325118446,13.73770651,14.60778247,-22.59898348,6.25,1.887510581,3.601658891,8.354,14.57375295
12/31/1981,13.58666667,-4.285761025,6.663194283,14.08666667,11.79554184,1.255365851,14.44128888,14.49146038,25.57794278,6.086666667,1.958681701,3.861711061,8.271666667,-14.17847281
3/31/1982,14.22666667,-6.07446288,3.602595532,14.29333333,11.79554184,1.497198476,13.57149121,14.13223787,-10.76303989,5.5,5.664651152,1.610559553,7.787666667,14.38859206
6/30/1982,14.51333333,1.83273823,5.905153744,13.93,11.81449758,-0.328912015,12.24966267,13.94367392,-9.044126805,5.5,2.623471721,1.608932017,7.803,14.91419384
9/30/1982,11.00666667,-1.519481797,7.129931499,13.11666667,11.38656508,-1.183388368,12.5527982,13.64963774,-18.66682715,5.5,1.637451197,4.197913918,8.142666667,22.679933
12/31/1982,9.286666667,0.175438554,1.234765008,10.66666667,10.73257267,0.804740048,11.45985497,13.15378475,-0.852097875,5.5,5.774352812,2.332647221,8.057,2.371409237
3/31/1983,8.653333333,5.361955102,0.272572244,10.56333333,10.49115311,2.226610682,10.51954958,12.49714806,16.94998511,5.5,2.890453908,0.293104213,7.744333333,-32.07632706
6/30/1983,8.803333333,9.418165525,4.706715135,10.54333333,10.04172015,1.777693123,10.84093202,12.31669379,-14.55110996,5.5,3.095476289,2.423772494,7.699333333,0.836075037
9/30/1983,9.46,8.233793817,3.957893799,11.62666667,9.864560733,1.859131743,9.160180662,12.32187546,-20.10539858,5.5,5.498285237,0.912592947,7.757666667,5.505568743
12/31/1983,9.43,8.618058188,4.056283974,11.68666667,9.799419342,5.398293349,11.06688879,12.3053214,-2.721162903,5.12,2.862533588,2.951177458,7.464666667,-13.91128587
3/31/1984,9.686666667,8.048578926,5.792695642,11.94333333,9.550470306,2.60233743,8.549878284,11.69704402,-2.834891515,5,3.8032755,3.420511372,7.288666667,-7.534421032
6/30/1984,10.55666667,7.091065084,3.824797691,13.2,9.443303339,-1.631151067,7.93367962,11.54581388,2.074726812,5,8.60118312,0.966982851,7.306666667,-5.088637899
9/30/1984,11.39,3.912444145,3.523893068,12.86666667,9.682933921,6.441707768,7.721471478,11.1636876,-22.38202283,5,2.98223171,1.592299442,7.250666667,24.04204167
12/31/1984,9.266666667,3.33697394,3.493122452,11.74333333,9.51902623,1.229943286,6.85046131,10.28931438,-13.84441004,5,1.483262719,3.252146005,6.796666667,4.035741631
3/31/1985,8.476666667,3.921584674,3.722923052,11.58333333,9.17303421,0.639482379,8.746335232,9.698515938,-18.58365157,5,5.499245887,2.233339429,6.826,18.62643045
6/30/1985,7.923333333,3.570303711,3.688595708,10.81333333,9.123957746,3.639465291,8.093158433,9.646517993,24.20840932,5,7.656143086,1.596141653,6.689666667,-12.1687223
9/30/1985,7.9,6.258708908,2.510075646,10.33666667,8.798212127,3.920786613,4.77723474,9.631035938,33.32663655,5,6.089690912,2.204514013,6.287333333,-18.19046535
12/31/1985,8.103333333,3.008581686,4.140632977,9.76,8.592498474,2.656056955,5.936724746,9.196577666,43.0882112,5,6.482525313,0.596631002,6.261,-45.21634048
3/31/1986,7.826666667,3.78094078,2.095783348,8.556666667,8.123965765,0.301606579,6.102704949,8.619467504,48.52424615,4.526666667,0.178022906,2.002531005,5.573,-32.31556062
6/30/1986,6.92,1.804244314,-1.932893799,7.603333333,7.282976362,4.72082795,4.131478768,7.263029354,21.22557089,3.606666667,1.218117309,-1.299377204,4.933333333,-32.32442244
9/30/1986,6.206666667,3.897119591,2.468257901,7.306666667,7.115689934,2.337006821,4.470401565,7.026678539,31.43555555,3.5,2.845190361,-0.483419181,5.257333333,-31.7471324
12/31/1986,6.266666667,2.163213961,2.824945302,7.263333333,7.09540074,2.344980378,3.25597875,7.062841528,13.14987624,3.166666667,4.735529731,-1.048992712,5.568333333,7.897434908
3/31/1987,6.22,2.992515941,4.916118932,7.193333333,6.763857821,-2.040228732,7.00405298,7.134661249,36.08683388,2.793333333,1.375378995,-0.388906429,5.029666667,-20.84821847
6/30/1987,6.65,4.378853927,4.6095036,8.343333333,6.800393701,7.271486182,4.11308763,7.491631452,5.953223304,2.5,7.128173263,2.553474875,4.018666667,-26.20749519
9/30/1987,6.843333333,3.515561505,4.313346582,8.876666667,6.974455186,3.084046076,4.544785751,8.339034587,-6.093785997,2.5,7.496562215,0.579140339,5.485666667,8.452876418
12/31/1987,6.916666667,7.041794023,3.786565889,9.123333333,6.839699677,6.062476412,3.882837289,8.510103215,33.37001059,2.5,10.64640088,0.301059623,5.490333333,-29.47954853
3/31/1988,6.663333333,2.093671604,3.158114198,8.416666667,6.811862768,1.732914432,4.178523765,7.764427181,6.629319423,2.5,6.327023502,-0.272534983,4.590666667,-23.68015713
6/30/1988,7.156666667,5.365379243,4.668029748,8.91,6.778928761,4.86412285,4.166642546,7.623593133,-7.351951457,2.5,2.951475243,0.067787308,4.997333333,-11.32864794
9/30/1988,7.983333333,2.363994336,4.966574789,9.1,7.260598791,5.264584225,5.408902497,7.756935811,-29.8996241,2.5,7.582166867,2.363170416,5.470333333,25.21276413
12/31/1988,8.47,5.437230903,4.44187593,8.956666667,7.261916151,3.732968869,4.858527687,7.729667367,22.90992336,2.5,4.452293809,2.07614655,4.784,-24.68565212
3/31/1989,9.443333333,4.114261123,4.622219619,9.206666667,7.740091393,4.713927924,6.060181399,8.180572788,-11.49373095,2.5,9.822412318,-0.196841509,4.998666667,5.432593962
6/30/1989,9.726666667,3.097272261,6.624222049,8.773333333,7.95890715,2.686925669,6.086994466,8.403342514,-15.00483729,2.76,-4.670437249,6.777808866,5.115,33.68505322
9/30/1989,9.083333333,2.990386914,3.164399566,8.106666667,8.144737607,4.287950919,5.028225052,8.356192286,4.60159447,3.25,6.362564432,2.620986593,5.053666667,12.20321602
12/31/1989,8.613333333,0.792732074,4.128773819,7.906666667,8.560016385,4.030562912,5.364448008,8.938240781,23.65444892,3.736666667,11.36119047,1.265326253,5.444666667,-0.701812308
3/31/1990,8.25,4.45122645,7.065435076,8.423333333,8.59858049,4.173774628,3.216637837,9.639694579,25.82652858,4.386666667,-2.139350968,3.616762834,6.391666667,10.62770601
6/30/1990,8.243333333,1.456995924,4.016416991,8.676666667,8.385673247,2.512305383,4.392311361,9.520835907,6.712791416,5.25,10.15402129,2.706992556,6.554,19.89171158
9/30/1990,8.16,0.270007192,7.090070695,8.703333333,8.401630808,3.763278233,6.041247662,9.658908415,22.2633072,5.523333333,8.367370988,2.778869045,7.362666667,-26.51203095
12/31/1990,7.743333333,-3.597314551,6.966630435,8.396666667,8.403847136,3.923895947,6.25935693,9.76273274,21.39045497,6,-0.254717987,5.310340736,7.142666667,-35.24829063
3/31/1991,6.426666667,-1.859121041,3.023980702,8.016666667,8.533322474,4.783361914,1.440744448,9.35,-9.009814608,6,4.37599401,4.069970004,6.494666667,10.82812396
6/30/1991,5.863333333,3.155640991,2.395701179,8.13,8.112660883,-0.21967219,5.029804912,9.793333333,-36.27038955,6,3.52205302,1.454974817,6.645333333,12.95076718
9/30/1991,5.643333333,2.041447654,3.083967808,7.94,8.440097501,0.545450416,5.510759841,9.93,-0.36972721,5.5,-0.01736601,2.099343415,6.43,-4.208405349
12/31/1991,4.816666667,1.388064848,3.360222402,7.346666667,8.601820383,4.091406819,5.863721483,9.833333333,32.35714328,5.22,3.093548945,3.512556581,5.925333333,-20.41092043
3/31/1992,4.023333333,4.879617773,2.73822806,7.303333333,8.734366834,3.650844055,3.774587543,9.57,2.131289641,4.5,-0.605853212,0.424817457,5.549,-5.452266588
6/30/1992,3.77,4.416597203,3.112608452,7.376666667,8.723382017,-1.543857532,4.005773648,9.7,3.059286791,3.75,1.222969168,3.165236476,5.669666667,6.017553275
9/30/1992,3.256666667,4.001627868,3.08857638,6.616666667,9.750105924,-0.698403749,3.494738567,10.10666667,41.41953829,3.38,1.523553225,0.105960842,5.214,-18.04332685
12/31/1992,3.036666667,4.246045505,3.550094293,6.743333333,8.962393317,-1.463049191,4.193176301,9.743333333,-31.34053019,3.25,-2.423558411,0.206989107,4.963666667,-9.023664
3/31/1993,3.04,0.668411332,2.942027193,6.28,8.610838888,-2.302065726,3.829246976,9.026666667,-23.47309608,2.786666667,2.040236404,1.810227103,4.552,-7.275685722
6/30/1993,3,2.350147758,2.920547767,5.99,7.856648803,-0.180564293,4.345208542,8.59,4.909778939,2.5,-3.329575483,1.356847131,4.734333333,-32.61103992
9/30/1993,3.06,1.923859381,1.863448631,5.616666667,6.982602567,1.440062297,3.902586561,7.666666667,-17.61689337,2.41,-1.817575607,3.586028355,4.373666667,-13.91468033
12/31/1993,2.99,5.545451259,3.357135213,5.606666667,6.431893161,1.095457403,3.912464641,7.006666667,-4.134715405,1.75,1.555620336,-2.212114464,3.745666667,4.153319742
3/31/1994,3.213333333,3.941008241,2.024786231,6.066666667,6.017842442,4.010371434,3.621298243,6.986666667,-4.927690435,1.75,4.781990114,2.174570463,3.999333333,-1.765595443
6/30/1994,3.94,5.537778654,2.291645319,7.083333333,5.498787392,2.708865342,2.743799317,7.89,16.50714341,1.75,-2.140209637,-0.292068769,4.159,-17.17388951
9/30/1994,4.486666667,2.358320611,3.757182845,7.333333333,5.602298054,2.807916226,3.513856417,8.763333333,23.64562867,1.75,4.653818902,0.144056556,4.585,-18.48571736
12/31/1994,5.166666667,4.655738729,2.348590113,7.836666667,5.595741659,3.788715784,3.519026031,9.173333333,3.967318015,1.75,-1.531672677,1.335919692,4.654666667,-1.866126613
3/31/1995,5.81,1.426002461,2.970429469,7.483333333,5.889321014,-1.479320678,7.357968272,9.36,13.40764937,1.75,4.415712494,-0.298682149,4.443,-12.87194239
6/30/1995,6.02,1.192575739,3.31031283,6.62,5.980247139,3.246709798,4.891105493,8.97,20.35040843,1.113333333,3.885076128,-1.289638139,3.373,-43.4423471
9/30/1995,5.796666667,3.454235364,2.031512939,6.323333333,5.860425929,1.006479459,3.434169739,8.553333333,-1.518037292,0.873333333,4.752141492,0.276320512,3.099666667,51.5376866
12/31/1995,5.72,2.738504136,2.198444873,5.893333333,5.759813102,0.895811849,3.367126249,8.186666667,3.089489192,0.5,1.018229273,-0.838605054,2.968,31.20954886
3/31/1996,5.363333333,3.031790001,3.604432299,5.91,5.505363562,0.673744846,4.108773097,7.673333333,-7.15774562,0.5,3.303080446,0.514775068,3.25,14.69911746
6/30/1996,5.243333333,6.836157994,3.483995772,6.72,5.01512804,3.116438234,3.784394026,7.56,-8.637852404,0.5,5.185821746,0.643883104,3.323,4.019290386
9/30/1996,5.306666667,3.639427462,2.321735007,6.78,4.789523829,1.983032196,1.568272887,7.3,5.676676415,0.5,0.498548553,0.425846352,3.158333333,3.166680909
12/31/1996,5.28,4.228616451,3.520867215,6.343333333,4.507783498,2.209199261,1.970469606,6.486666667,-7.320582462,0.5,4.555153854,0.63302723,2.729666667,11.71124127
3/31/1997,5.276666667,2.603541243,2.459336056,6.563333333,4.225487374,1.206446952,2.863843331,6.213333333,-26.35250945,0.5,0.935932446,0.742767834,2.587,31.18177506
6/30/1997,5.523333333,6.823860072,0.92194257,6.696666667,4.01828737,4.899717871,1.054864161,6.223333333,-12.66122529,0.5,-2.863637226,6.223674132,2.592666667,-0.38349098
9/30/1997,5.533333333,5.095713477,2.015050063,6.243333333,4.006885817,3.139311808,2.160973121,5.866666667,-17.84988841,0.5,0.760315898,0.923227831,2.358,-6.355604058
12/31/1997,5.506666667,3.456585212,2.173379378,5.906666667,3.770195904,4.239143118,2.361485601,5.663333333,12.00586955,0.5,0.160934293,0.632887596,1.954,25.23703604
3/31/1998,5.52,4.067740827,0.827296525,5.586666667,3.723793127,2.890102547,2.27716382,5.123333333,-12.5294066,0.5,-4.852656058,0.147424244,1.927,8.533434976
6/30/1998,5.5,3.754623084,1.323389786,5.596666667,3.522690919,1.620360924,1.349617409,4.993333333,5.522720287,0.5,-1.660853405,-0.286092722,1.661333333,24.31823444
9/30/1998,5.533333333,5.137771599,2.066687965,5.203333333,3.431108337,2.152896356,1.501917362,4.563333333,7.182692726,0.44,0.695306492,-1.369735331,1.413666667,9.242266033
12/31/1998,4.86,6.589991777,1.890423413,4.67,2.80986467,1.168156699,0.954330934,4.153333333,23.85131198,0.25,3.251728254,3.743152266,1.12,-45.40132695
3/31/1999,4.733333333,3.813316581,1.470263282,4.983333333,2,4.119394163,2.299182598,3.973333333,-16.22694142,0.2,-5.42606639,-2.393410524,1.949,-13.84025417
6/30/1999,4.746666667,3.382520834,3.028538881,5.54,1.5,1.933321482,1.856084277,4.22,-22.33658162,0.15,1.585963664,-0.87246827,1.515,11.38059838
9/30/1999,5.093333333,5.409212152,3.005782628,5.883333333,1.5,5.337749505,2.34605696,5.023333333,-3.565711297,0.15,2.131332204,-0.429730279,1.765333333,-24.83278619
12/31/1999,5.306666667,6.725656893,2.98336578,6.14,2,4.256509786,2.468320983,5.296666667,-4.583665024,0.02,0.126332577,-0.351858696,1.740666667,-30.52951791
3/31/2000,5.676666667,1.454204316,4.017181172,6.48,2.5,5.31733399,4.295730782,5.593333333,-18.0969308,0,7.087380219,-0.815030653,1.773666667,5.114588704
6/30/2000,6.273333333,7.487872254,3.172469065,6.176666667,3.25,3.633984094,0.372777904,5.416666667,-22.04314384,0,1.806292767,-1.155548294,1.707,-6.042809436
9/30/2000,6.52,0.408243736,3.705868787,5.893333333,3.5,2.7090383,3.97175028,5.43,-11.85116732,0.166666667,0.113130505,-0.354725352,1.773,-0.170216094
12/31/2000,6.473333333,2.419636682,2.882277347,5.566666667,3.75,1.829613139,2.800008074,5.276666667,-14.88478596,0.25,3.916977965,-0.764580304,1.731666667,4.770206556
3/31/2001,5.593333333,-1.309054959,3.881539302,5.05,3.75,4.51037857,1.523982278,4.96,24.10592805,0.193333333,3.016382505,0.584719717,1.361333333,29.7231996
6/30/2001,4.326666667,2.516495541,2.834259143,5.27,3.5,0.225550517,3.569273955,5.173333333,-18.872382,0,-2.9803626,-2.21289204,1.269,10.29778945
9/30/2001,3.496666667,-1.593571428,1.133882656,4.98,2.75,0.815157549,1.888088563,5.083333333,9.227428971,0,-4.242572006,-0.569117145,1.342,-4.570576857
12/31/2001,2.133333333,1.10767827,-0.299906068,4.77,2.25,-0.15559759,1.567078122,4.77,3.435716524,0,-1.416572434,-1.426817533,1.352333333,5.417760916
3/31/2002,1.733333333,3.387316114,1.283123519,5.076666667,2.25,0.808394116,3.105225738,5.11,-6.148075522,0,0.712812786,-1.335333504,1.464666667,28.20901261
6/30/2002,1.75,2.471654714,3.182173075,5.1,2.25,1.971984062,2.080776321,5.243333333,19.74457153,0,3.231165559,-0.037147031,1.375333333,-18.23733312
9/30/2002,1.74,1.63641317,2.172002069,4.26,2.25,1.78006806,1.694374989,4.743333333,30.46029817,0,1.333877237,-0.448840078,1.231333333,-24.25844177
12/31/2002,1.443333333,0.496804311,2.385729267,4.006666667,1.75,0.781040075,2.248670472,4.53,6.762816253,0,1.083217986,-0.33257516,1.014,8.687230315
3/31/2003,1.25,2.118764433,4.177766791,3.92,1.5,-1.056811565,3.547703638,4.12,31.64968284,0,0.247861988,-0.2180851,0.798666667,-15.31304572
6/30/2003,1.246666667,3.594750096,-0.652822191,3.62,1,0.166243919,0.314419632,3.94,26.8172927,0,2.739805823,0.12266186,0.598,-0.45770356
9/30/2003,1.016666667,6.820178599,3.019767782,4.233333333,1,2.595000993,2.214783135,4.15,-4.284614441,0,1.251177988,-0.623213827,1.198666667,-6.540817479
12/31/2003,0.996666667,4.724951398,1.526828714,4.286666667,1,2.521253656,2.252686237,4.346666667,25.84571788,0,4.4149203,-0.517932315,1.381666667,-27.8052877
3/31/2004,1.003333333,2.288084774,3.428157718,4.02,1,2.250148144,2.356378253,4.133333333,20.68793435,0,3.055860586,0.439489901,1.310666667,-8.848182026
6/30/2004,1.01,3.131440146,3.17951791,4.6,1,2.453188486,2.425224802,4.316666667,-14.76953252,0,-0.070056731,-0.464484417,1.586666667,5.828503974
9/30/2004,1.433333333,3.854906163,2.575436104,4.303333333,1,0.953924276,2.098726598,4.186666667,5.688901723,0,2.516004586,0.065227273,1.651,-1.530795501
12/31/2004,1.95,4.136720895,4.364691945,4.173333333,1,1.727837534,2.381667842,3.83,24.20779731,0,-0.74618144,2.053179122,1.455333333,-15.92189496
3/31/2005,2.47,4.515902514,2.035558177,4.296666667,1,1.044523165,1.34780883,3.643333333,3.589589565,0,2.034468872,-1.483656883,1.397333333,-8.421071414
6/30/2005,2.943333333,1.983688134,2.73069644,4.16,1,2.545611947,2.505399626,3.38,-14.83018716,0,3.136160735,-0.900127174,1.274666667,8.704480686
9/30/2005,3.46,3.17217879,6.197561177,4.213333333,1,3.064849909,3.006227516,3.24,-14.9819027,0,4.128912072,-0.985439922,1.342,6.234811724
12/31/2005,3.98,2.241992129,3.78257867,4.49,1.25,2.773914496,2.519237286,3.403333333,-10.56841967,0,0.745279575,0.263360301,1.522666667,19.57411833
3/31/2006,4.456666667,5.493647404,2.099310503,4.57,1.5,3.760269769,1.77441939,3.543333333,4.483098386,0,0.596853328,1.155294923,1.568333333,-2.536418201
6/30/2006,4.906666667,1.041095193,3.658780517,5.07,1.75,4.494187321,2.365880859,4.023333333,17.54943764,0,0.595420303,0.321749938,1.888,-10.94130651
9/30/2006,5.246666667,0.596582656,3.829892668,4.896666667,2,2.291798317,2.132179301,3.953333333,3.818141959,0.213333333,-0.788097797,0.706099737,1.800333333,3.051242021
12/31/2006,5.246666667,3.484159098,-1.630622187,4.63,2.5,4.707417448,0.878353585,3.833333333,7.990663399,0.25,5.581508329,-0.767815457,1.701333333,6.430377932
3/31/2007,5.256666667,1.203315031,3.979629912,4.68,2.75,2.841787421,2.34993071,4.08,4.774707221,0.36,2.60948312,-0.64592964,1.679,1.293032835
6/30/2007,5.25,2.469019638,4.607758719,4.846666667,3,2.690507671,2.212237737,4.41,9.468492633,0.5,0.135444465,0.434994432,1.746,0.203820614
9/30/2007,5.073333333,2.327196455,2.556193794,4.73,3,1.595403841,2.246287855,4.463333333,7.926168599,0.5,-2.144702271,0.418183544,1.722333333,-11.36923844
12/31/2007,4.496666667,2.536628179,4.997586685,4.26,3,1.973926836,4.988403147,4.34,23.23080255,0.5,1.818549687,1.784441341,1.572666667,-17.55532696
3/31/2008,3.176666667,-1.691770673,4.403661846,3.663333333,3,2.569053811,4.20343142,4.13,14.63789114,0.5,1.464117432,1.288538615,1.396666667,-27.36208732
6/30/2008,2.086666667,2.396079065,5.306179123,3.886666667,3,-1.914973373,3.538227675,4.496666667,15.63955816,0.5,-2.400526226,1.744250219,1.613,-6.084320662
9/30/2008,1.94,-2.079992667,6.311637802,3.863333333,3.25,-2.149167499,3.103065506,4.556666667,-17.18261988,0.5,-4.867391027,3.925063124,1.522333333,9.926924267
12/31/2008,0.506666667,-8.469497709,-8.850840086,3.253333333,2,-6.577681451,-1.341367477,4.046666667,-35.92574153,0.336666667,-9.475881595,-2.558270341,1.434333333,-31.90406455
3/31/2009,0.183333333,-4.46536331,-2.72321855,2.736666667,0.5,-11.8136449,-0.855423981,3.89,-2.443729636,0.1,-17.97965241,-3.510631862,1.288333333,-10.84961218
6/30/2009,0.18,-0.714711191,2.144054585,3.313333333,0.25,-0.00839885,-0.18936285,3.96,16.62926711,0.1,8.145596566,-1.491105793,1.449666667,12.80951271
9/30/2009,0.156666667,1.41377246,3.486245265,3.516666667,0.25,1.421173603,1.068863252,3.773333333,19.05530819,0.1,-0.173039954,-1.278965698,1.353333333,-18.35328701
12/31/2009,0.12,4.392383917,3.168704837,3.46,0.25,1.848272018,1.639010259,3.656666667,11.75734897,0.1,5.058275334,-1.718824812,1.321333333,-19.86474454
3/31/2010,0.133333333,1.953210406,0.635522725,3.716666667,0.25,1.586128156,1.749676008,3.7,-22.06811999,0.1,4.184747246,0.854280306,1.343,5.058061763
6/30/2010,0.193333333,3.925568384,-0.141003278,3.49,0.25,3.726953347,2.034596778,3.6,-26.73642364,0.1,4.986921523,-1.11710432,1.286,4.990101144
9/30/2010,0.186666667,3.122537591,1.177753054,2.786666667,0.25,1.781755808,1.54440085,3.443333333,6.971712267,0.1,7.39444853,-1.923154418,1.057,-26.7644312
12/31/2010,0.186666667,2.11225823,3.278448089,2.863333333,0.25,2.472687393,2.685674268,3.743333333,21.06839019,0.05,-3.170347858,1.256762553,1.047666667,-16.06986705
3/31/2011,0.156666667,-0.940019801,4.337695617,3.46,0.25,3.741187869,3.787639389,4.306666667,2.143702611,0.05,-4.240463129,-0.479503087,1.251,-5.599263765
6/30/2011,0.093333333,2.731913625,4.626212,3.21,0.5,-0.006071986,2.958864458,4.493333333,20.71246464,0.05,-3.340661747,-0.422802719,1.185666667,-7.735994229
9/30/2011,0.083333333,-0.093890095,2.633885732,2.426666667,0.75,0.123076437,1.390013738,4.273333333,-8.700459023,0.05,10.0193806,0.269620106,1.058666667,-19.7357234
12/31/2011,0.073333333,4.576484345,1.807737705,2.046666667,0.25,-1.064179792,3.539919292,4.476666667,-15.43947905,0.05,-0.455107077,-0.544531943,1.009,-4.436725171
3/31/2012,0.103333333,3.39610742,2.271788698,2.036666667,0.25,-1.102158583,2.9294939,4.263333333,-9.766368883,0.05,5.651990086,1.965049544,0.988333333,9.956324343
6/30/2012,0.153333333,1.789955244,0.847084282,1.823333333,0.25,-1.460243138,2.09872379,4.136666667,-7.216254639,0.05,-3.647099252,-1.00654424,0.892333333,2.543335036
9/30/2012,0.143333333,0.579089177,1.818147285,1.643333333,0,-0.554113159,1.576580937,3.863333333,-9.608373414,0.05,-1.542992711,-2.115817957,0.797,-10.98348059
12/31/2012,0.16,0.46791594,2.686457259,1.706666667,0,-1.583367943,2.576799003,3.306666667,15.17415784,0.05,-0.150748508,0.278385344,0.755,11.01196941
3/31/2013,0.143333333,4.0015055,1.617539016,1.95,0,-1.520506302,1.219622054,3.046666667,6.687768373,0.05,5.471037476,0.256174219,0.712666667,65.12902407
6/30/2013,0.116666667,1.073229894,-0.437222008,1.996666667,0,2.633844498,0.43106289,2.816666667,-3.13192293,0.1,3.712798131,0.433522673,0.736,32.10733206
9/30/2013,0.083333333,3.449814466,2.180987543,2.71,0,1.302374142,1.011404058,3.14,4.636236818,0.1,3.903700414,2.568031786,0.769333333,1.085362149
12/31/2013,0.086666667,3.530608922,1.487292343,2.746666667,0,1.085551105,0.537109807,2.963333333,10.26119608,0.1,-0.379118224,2.319323701,0.640666667,6.932848026
3/31/2014,0.073333333,-1.369464583,2.514514306,2.763333333,0,1.618603997,1.007497969,2.653333333,1.121805884,0.1,3.076526953,0.946566151,0.629,8.046995369
6/30/2014,0.093333333,5.269815946,2.141298142,2.623333333,-0.1,0.925318247,-0.506311232,2.22,-2.278968734,0.1,-6.927445199,8.551973572,0.602666667,3.693754759
9/30/2014,0.09,4.945646423,1.027269823,2.496666667,-0.2,1.897119266,0.200645346,1.793333333,-13.70489489,0.1,0.381638619,1.829884762,0.533666667,8.187971111
12/31/2014,0.1,2.040772937,-0.990077544,2.28,-0.2,1.69364238,-0.053427721,1.496666667,-20.11580606,0.1,1.921060797,-0.898452328,0.449,47.46359107
3/31/2015,0.11,3.655555619,-2.564094206,1.966666667,-0.2,2.906762211,-0.812557192,1.01,-32.79060876,0.1,6.142671618,0.045288885,0.340666667,19.99459185
6/30/2015,0.123333333,2.50023087,2.755824486,2.166666667,-0.2,1.811904633,2.459095441,1.27,-6.838424911,0.1,0.662072717,1.401250977,0.404333333,6.506824097
9/30/2015,0.136666667,1.611142973,1.519384561,2.22,-0.2,1.565260696,-0.186176352,1.356666667,0.072097232,0.1,0.459478421,0.005061288,0.395333333,1.264035036
12/31/2015,0.16,0.740209761,-0.030267107,2.19,-0.3,2.039401724,-0.38554172,1.186666667,-6.401323554,0.1,-0.685919157,-0.709704629,0.31,-3.106166573
3/31/2016,0.36,2.332163924,-0.248118165,1.92,-0.4,2.037280993,-1.536955085,1.033333333,1.588022817,-0.04,2.978945312,-0.569183718,0.061666667,-18.71062804
6/30/2016,0.373333333,1.294549998,3.237718142,1.753333333,-0.4,0.927066079,1.696360701,0.876666667,8.502257184,-0.1,-0.644186574,-0.123134537,-0.119666667,-25.45115264
9/30/2016,0.396666667,2.86726275,1.708739562,1.563333333,-0.4,1.894738387,1.150643772,0.6,-5.274719317,-0.1,0.891752207,-0.306386742,-0.129333333,-21.13274815
12/31/2016,0.45,2.235395664,2.563409554,2.13,-0.4,2.923005348,1.670891388,0.923333333,-13.5802068,-0.1,0.538884584,2.061760366,-0.004666667,29.49387101
3/31/2017,0.7,1.9620151,2.844817181,2.443333333,-0.4,3.112969258,2.712707149,1.203333333,-4.679246288,-0.1,3.110457058,-0.423638203,0.074,12.69027434
6/30/2017,0.95,2.254041841,0.462306659,2.263333333,-0.4,2.963142603,0.342104951,1.093333333,13.26124934,-0.1,1.586948698,0.485932947,0.042333333,-8.636652542
9/30/2017,1.153333333,3.195465969,1.925929631,2.243333333,-0.4,2.914309508,1.133954917,1.1,29.31432367,-0.1,3.542232281,0.513744929,0.048333333,-1.551130188
12/31/2017,1.203333333,4.58526132,3.220296641,2.37,-0.4,3.240026467,1.527443811,0.98,-0.766703685,-0.1,0.247056042,1.605170383,0.050333333,5.373394069
3/31/2018,1.446666667,3.29096837,3.413409395,2.76,-0.4,0.051008939,1.891511117,1.103333333,16.82333337,-0.1,0.285435365,2.350723858,0.061,-16.54480823
6/30/2018,1.736666667,2.140295556,2.195489599,2.92,-0.4,2.070764244,2.502786525,1.063333333,-11.1336863,-0.1,1.547886573,-1.501181696,0.045666667,-0.492392671
9/30/2018,1.923333333,2.52474883,1.61708232,2.926666667,-0.4,0.24413442,2.526657479,1.113333333,-8.599384396,-0.1,-1.9823512,2.082791798,0.094333333,9.503593309
12/31/2018,2.22,0.561435425,1.638453858,3.033333333,-0.4,2.480769376,0.758656089,1.21,-8.229842076,-0.1,-0.936777194,0.625294719,0.102,4.034938382
3/31/2019,2.403333333,2.521427822,1.072170553,2.653333333,-0.4,2.656893755,0.076809828,0.93,-2.925682764,-0.1,0.949570387,-0.183677607,-0.015,-10.25146961
6/30/2019,2.396666667,3.386003845,2.971414023,2.333333333,-0.4,1.428034967,2.089039057,0.633333333,-4.835484293,-0.1,1.784569295,0.67102031,-0.074333333,-3.517194331
9/30/2019,2.19,4.757789036,1.326047946,1.796666667,-0.5,0.682185715,0.90686438,0.04,-4.656548913,-0.1,0.747364978,0.119141399,-0.198333333,-9.874670301
12/31/2019,1.643333333,2.760918968,2.839173622,1.793333333,-0.5,0.012437755,0.994351282,0.14,-3.292880196,-0.1,-11.09552697,1.471406684,-0.086666667,3.932837925
3/31/2020,1.26,-5.457940588,1.449785683,1.376666667,-0.5,-12.69106507,0.418747941,0.113333333,-3.003306617,-0.1,2.186105748,0.321352223,-0.030333333,-0.407076873
6/30/2020,0.06,-28.07344108,-3.84662551,0.686666667,-0.5,-37.64363182,-1.409980148,0.25,2.310967385,-0.1,-27.12988264,-1.23061349,0.009,-2.253857269
9/30/2020,0.093333333,35.19043219,4.651388226,0.65,-0.5,55.38377634,-0.101571171,-0.006666667,21.68517593,-0.1,23.41982895,-0.522787903,0.032,-9.898562311
12/31/2020,0.09,4.408039804,2.916935939,0.863333333,-0.5,1.430899635,0,-0.186666667,4.658359738,-0.1,7.061783235,-2.235961703,0.027666667,-10.83395613
3/31/2021,0.08,5.638367218,4.034753542,1.316666667,-0.5,2.573318474,5.100303061,-0.07,5.76073669,-0.1,1.187645975,1.923454689,0.079666667,3.510465381
6/30/2021,0.07,6.433092821,7.632155329,1.593333333,-0.5,9.258935509,2.609935737,0.156666667,-4.824123145,-0.1,2.624255537,-1.989158957,0.082,3.756471111
9/30/2021,0.09,3.454948528,6.569915574,1.323333333,-0.5,7.100191823,3.959607177,-0.003333333,-10.86065143,-0.1,-1.729234904,1.653232843,0.033666667,-2.315350964
12/31/2021,0.08,7.406743919,8.82814698,1.536666667,-0.5,3.514347456,7.186358341,0.173333333,-12.55591305,-0.1,4.719521024,0.4064684,0.077,4.835620414
3/31/2022,0.12,-1.023352891,9.084737523,1.94,-0.5,2.297012602,11.00820628,0.686666667,-5.528667268,-0.1,-2.554659081,3.582529371,0.184666667,3.637162127
6/30/2022,0.77,0.277863935,9.906027371,2.93,-0.5,3.627541668,10.24227588,1.776666667,-18.94927079,-0.1,4.788337956,3.929779379,0.244666667,46.21346626
9/30/2022,2.19,2.720857921,5.395272598,3.106666667,0.75,2.260606366,8.937333072,2.123333333,-17.4006174,-0.1,-1.584589898,3.597216892,0.235666667,27.85948525
12/31/2022,3.653333333,3.354977181,4.110044344,3.83,2,-0.372193695,9.707311018,2.893333333,11.65380186,-0.1,1.162529293,4.252690587,0.293,9.221971564
3/31/2023,4.516666667,2.797466033,3.658319642,3.646666667,3,0.077270372,3.340169144,3.02,21.51241909,-0.1,4.820157016,2.90042013,0.467,-23.96208137
6/30/2023,4.99,2.45038104,2.9982436,3.593333333,3.5,0.311551801,2.998865553,3.056666667,6.086978263,-0.1,2.533777037,2.735992517,0.436,16.02980935
9/30/2023,5.26,4.34966684,3.496197099,4.15,4,-0.021321768,3.901338705,3.246666667,0.145842146,-0.1,-3.796899914,2.756770364,0.605666667,21.63771502
12/31/2023,5.33,3.198213152,2.79444557,4.44,4,0.252072605,0.755304029,3.22,-6.189315656,-0.1,0.085471451,3.166591227,0.773,9.926390442
3/31/2024,5.33,1.626495907,3.705673307,4.16,4,1.2869776,2.766801381,2.893333333,2.437988355,-0.083333333,-2.055574272,1.521990045,0.711,-0.202733958
6/30/2024,5.33,2.989530253,2.756675678,4.443333333,3.75,0.685669504,2.53025982,3.066666667,-3.429060098,0.05,3.24767023,3.443369356,0.941333333,22.04423454
9/30/2024,5.263333333,3.073027725,1.395961645,3.946666667,3.5,1.710224997,2.633198778,2.896666667,9.937776671,0.183333333,1.42782299,3.014054744,0.953666667,-14.86708493
12/31/2024,4.65,2.3450919,3.033437325,4.283333333,3,0.942783547,0.98301435,2.81,-13.16595875,0.25,2.243191941,3.648247435,1.025333333,9.588200861
